{
    "baseline_accuracy": 0.4947126436781609,
    "baseline_auc": 0.48404195927233606,
    "baseline_home_mae": 11.069036059749292,
    "baseline_away_mae": 11.124471133172655,
    "xgb_accuracy": 0.52,
    "xgb_auc": 0.5349532310263798,
    "xgb_home_mae": 10.876498222351074,
    "xgb_away_mae": 11.046010971069336
}