{
    "baseline_accuracy": 0.6372413793103449,
    "baseline_auc": 0.6903016763746052,
    "baseline_home_mae": 7.68636632656204e-09,
    "baseline_away_mae": 3.493504881140095e-09,
    "xgb_accuracy": 1.0,
    "xgb_auc": 1.0,
    "xgb_home_mae": 0.09092478454113007,
    "xgb_away_mae": 0.1102636307477951
}